{"chunk_definitions":[{"row":17,"row_count":1,"visible":true,"expansion_state":0,"options":{"engine":"r","label":"setup","include":false},"document_id":"A66823B9","chunk_id":"csetup_chunk","chunk_label":"setup"},{"row":40,"row_count":1,"visible":true,"expansion_state":0,"options":{"engine":"r","label":"load-library-Rfile"},"document_id":"326BDDA2","chunk_id":"chxib5vberuri","chunk_label":"load-library-Rfile"},{"row":49,"row_count":1,"visible":true,"expansion_state":0,"options":{"engine":"r","label":"read-app"},"document_id":"326BDDA2","chunk_id":"c612rihwnduzu","chunk_label":"read-app"},{"row":54,"row_count":1,"visible":true,"expansion_state":0,"options":{"engine":"r","label":"extract-DZ-female"},"document_id":"326BDDA2","chunk_id":"clmwn1hchm92k","chunk_label":"extract-DZ-female"},{"row":77,"row_count":1,"visible":true,"expansion_state":0,"options":{"engine":"r","label":"unnamed-chunk-29"},"document_id":"326BDDA2","chunk_id":"cv2ez0vshay0e","chunk_label":"tab2"},{"row":93,"row_count":1,"visible":true,"expansion_state":0,"options":{"engine":"r","label":"unnamed-chunk-30"},"document_id":"326BDDA2","chunk_id":"cq7a0wzznugzk","chunk_label":"fig5"},{"row":254,"row_count":1,"visible":true,"expansion_state":0,"options":{"engine":"r","label":"unnamed-chunk-31"},"document_id":"326BDDA2","chunk_id":"cb7jzo3yv1yyc","chunk_label":"sizepower-summary"}],"doc_write_time":1689706459}